FORM_ID,ROW_NUMBER,EMPLOYEE_ID,WEEK_ENDING,DATE_MMDD,CLIENT,ODOMETER_START,ODOMETER_END,MILES,TOTAL_MILES
form_01_clean,1,LM2984,09/27/26,0922,SOL,068253,068290,037,0345
form_01_clean,2,LM2984,09/27/26,0923,TRB,068294,068369,075,0345
form_01_clean,3,LM2984,09/27/26,0924,MXQ,068369,068402,033,0345
form_01_clean,4,LM2984,09/27/26,0925,GEN,068402,068481,079,0345
form_01_clean,5,LM2984,09/27/26,0926,SOL,068481,068545,064,0345
form_01_clean,6,LM2984,09/27/26,0927,TRB,068547,068604,057,0345
form_01_rotated,1,LM2984,09/27/26,0922,SOL,068253,068290,037,0345
form_01_rotated,2,LM2984,09/27/26,0923,TRB,068294,068369,075,0345
form_01_rotated,3,LM2984,09/27/26,0924,MXQ,068369,068402,033,0345
form_01_rotated,4,LM2984,09/27/26,0925,GEN,068402,068481,079,0345
form_01_rotated,5,LM2984,09/27/26,0926,SOL,068481,068545,064,0345
form_01_rotated,6,LM2984,09/27/26,0927,TRB,068547,068604,057,0345
form_01_perspective_shadow,1,LM2984,09/27/26,0922,SOL,068253,068290,037,0345
form_01_perspective_shadow,2,LM2984,09/27/26,0923,TRB,068294,068369,075,0345
form_01_perspective_shadow,3,LM2984,09/27/26,0924,MXQ,068369,068402,033,0345
form_01_perspective_shadow,4,LM2984,09/27/26,0925,GEN,068402,068481,079,0345
form_01_perspective_shadow,5,LM2984,09/27/26,0926,SOL,068481,068545,064,0345
form_01_perspective_shadow,6,LM2984,09/27/26,0927,TRB,068547,068604,057,0345
form_02_clean,1,RC5107,09/27/26,0921,PDL,067896,067959,063,0407
form_02_clean,2,RC5107,09/27/26,0923,KMR,067962,068047,085,0407
form_02_clean,3,RC5107,09/27/26,0924,JBS,068050,068101,051,0407
form_02_clean,4,RC5107,09/27/26,0925,PDL,068105,068136,031,0407
form_02_clean,5,RC5107,09/27/26,0926,KMR,068141,068231,090,0407
form_02_clean,6,RC5107,09/27/26,0927,AVT,068235,068322,087,0407
form_02_rotated,1,RC5107,09/27/26,0921,PDL,067896,067959,063,0407
form_02_rotated,2,RC5107,09/27/26,0923,KMR,067962,068047,085,0407
form_02_rotated,3,RC5107,09/27/26,0924,JBS,068050,068101,051,0407
form_02_rotated,4,RC5107,09/27/26,0925,PDL,068105,068136,031,0407
form_02_rotated,5,RC5107,09/27/26,0926,KMR,068141,068231,090,0407
form_02_rotated,6,RC5107,09/27/26,0927,AVT,068235,068322,087,0407
form_02_perspective_shadow,1,RC5107,09/27/26,0921,PDL,067896,067959,063,0407
form_02_perspective_shadow,2,RC5107,09/27/26,0923,KMR,067962,068047,085,0407
form_02_perspective_shadow,3,RC5107,09/27/26,0924,JBS,068050,068101,051,0407
form_02_perspective_shadow,4,RC5107,09/27/26,0925,PDL,068105,068136,031,0407
form_02_perspective_shadow,5,RC5107,09/27/26,0926,KMR,068141,068231,090,0407
form_02_perspective_shadow,6,RC5107,09/27/26,0927,AVT,068235,068322,087,0407
form_03_clean,1,LM2984,09/27/26,0922,SOL,059997,060020,023,0228
form_03_clean,2,LM2984,09/27/26,0923,TRB,060025,060085,060,0228
form_03_clean,3,LM2984,09/27/26,0924,MXQ,060085,060134,049,0228
form_03_clean,4,LM2984,09/27/26,0925,GEN,060137,060179,042,0228
form_03_clean,5,LM2984,09/27/26,0926,SOL,060180,060214,034,0228
form_03_clean,6,LM2984,09/27/26,0927,TRB,060218,060238,020,0228
form_03_rotated,1,LM2984,09/27/26,0922,SOL,059997,060020,023,0228
form_03_rotated,2,LM2984,09/27/26,0923,TRB,060025,060085,060,0228
form_03_rotated,3,LM2984,09/27/26,0924,MXQ,060085,060134,049,0228
form_03_rotated,4,LM2984,09/27/26,0925,GEN,060137,060179,042,0228
form_03_rotated,5,LM2984,09/27/26,0926,SOL,060180,060214,034,0228
form_03_rotated,6,LM2984,09/27/26,0927,TRB,060218,060238,020,0228
form_03_perspective_shadow,1,LM2984,09/27/26,0922,SOL,059997,060020,023,0228
form_03_perspective_shadow,2,LM2984,09/27/26,0923,TRB,060025,060085,060,0228
form_03_perspective_shadow,3,LM2984,09/27/26,0924,MXQ,060085,060134,049,0228
form_03_perspective_shadow,4,LM2984,09/27/26,0925,GEN,060137,060179,042,0228
form_03_perspective_shadow,5,LM2984,09/27/26,0926,SOL,060180,060214,034,0228
form_03_perspective_shadow,6,LM2984,09/27/26,0927,TRB,060218,060238,020,0228
form_04_clean,1,RC5107,09/27/26,0921,KMR,050503,050586,083,0306
form_04_clean,2,RC5107,09/27/26,0922,AVT,050591,050652,061,0306
form_04_clean,3,RC5107,09/27/26,0923,KMR,050656,050675,019,0306
form_04_clean,4,RC5107,09/27/26,0925,PDL,050679,050752,073,0306
form_04_clean,5,RC5107,09/27/26,0926,KMR,050753,050796,043,0306
form_04_clean,6,RC5107,09/27/26,0927,AVT,050796,050823,027,0306
form_04_rotated,1,RC5107,09/27/26,0921,KMR,050503,050586,083,0306
form_04_rotated,2,RC5107,09/27/26,0922,AVT,050591,050652,061,0306
form_04_rotated,3,RC5107,09/27/26,0923,KMR,050656,050675,019,0306
form_04_rotated,4,RC5107,09/27/26,0925,PDL,050679,050752,073,0306
form_04_rotated,5,RC5107,09/27/26,0926,KMR,050753,050796,043,0306
form_04_rotated,6,RC5107,09/27/26,0927,AVT,050796,050823,027,0306
form_04_perspective_shadow,1,RC5107,09/27/26,0921,KMR,050503,050586,083,0306
form_04_perspective_shadow,2,RC5107,09/27/26,0922,AVT,050591,050652,061,0306
form_04_perspective_shadow,3,RC5107,09/27/26,0923,KMR,050656,050675,019,0306
form_04_perspective_shadow,4,RC5107,09/27/26,0925,PDL,050679,050752,073,0306
form_04_perspective_shadow,5,RC5107,09/27/26,0926,KMR,050753,050796,043,0306
form_04_perspective_shadow,6,RC5107,09/27/26,0927,AVT,050796,050823,027,0306
form_05_clean,1,RC5107,09/27/26,0921,PDL,065301,065313,012,0276
form_05_clean,2,RC5107,09/27/26,0923,KMR,065316,065378,062,0276
form_05_clean,3,RC5107,09/27/26,0924,JBS,065382,065428,046,0276
form_05_clean,4,RC5107,09/27/26,0925,WHC,065428,065472,044,0276
form_05_clean,5,RC5107,09/27/26,0926,KMR,065477,065543,066,0276
form_05_clean,6,RC5107,09/27/26,0927,AVT,065547,065593,046,0276
form_05_rotated,1,RC5107,09/27/26,0921,PDL,065301,065313,012,0276
form_05_rotated,2,RC5107,09/27/26,0923,KMR,065316,065378,062,0276
form_05_rotated,3,RC5107,09/27/26,0924,JBS,065382,065428,046,0276
form_05_rotated,4,RC5107,09/27/26,0925,WHC,065428,065472,044,0276
form_05_rotated,5,RC5107,09/27/26,0926,KMR,065477,065543,066,0276
form_05_rotated,6,RC5107,09/27/26,0927,AVT,065547,065593,046,0276
form_05_perspective_shadow,1,RC5107,09/27/26,0921,PDL,065301,065313,012,0276
form_05_perspective_shadow,2,RC5107,09/27/26,0923,KMR,065316,065378,062,0276
form_05_perspective_shadow,3,RC5107,09/27/26,0924,JBS,065382,065428,046,0276
form_05_perspective_shadow,4,RC5107,09/27/26,0925,WHC,065428,065472,044,0276
form_05_perspective_shadow,5,RC5107,09/27/26,0926,KMR,065477,065543,066,0276
form_05_perspective_shadow,6,RC5107,09/27/26,0927,AVT,065547,065593,046,0276
invalid_date,1,LM2984,09/27/26,0931,SOL,068253,068290,037,0345
invalid_date,2,LM2984,09/27/26,0923,TRB,068294,068369,075,0345
invalid_date,3,LM2984,09/27/26,0924,MXQ,068369,068402,033,0345
invalid_date,4,LM2984,09/27/26,0925,GEN,068402,068481,079,0345
invalid_date,5,LM2984,09/27/26,0926,SOL,068481,068545,064,0345
invalid_date,6,LM2984,09/27/26,0927,TRB,068547,068604,057,0345
invalid_schedule,1,LM2984,09/27/26,0922,XYZ,068253,068290,037,0345
invalid_schedule,2,LM2984,09/27/26,0923,TRB,068294,068369,075,0345
invalid_schedule,3,LM2984,09/27/26,0924,MXQ,068369,068402,033,0345
invalid_schedule,4,LM2984,09/27/26,0925,GEN,068402,068481,079,0345
invalid_schedule,5,LM2984,09/27/26,0926,SOL,068481,068545,064,0345
invalid_schedule,6,LM2984,09/27/26,0927,TRB,068547,068604,057,0345
invalid_odometer,1,LM2984,09/27/26,0922,SOL,068253,068252,037,0345
invalid_odometer,2,LM2984,09/27/26,0923,TRB,068294,068369,075,0345
invalid_odometer,3,LM2984,09/27/26,0924,MXQ,068369,068402,033,0345
invalid_odometer,4,LM2984,09/27/26,0925,GEN,068402,068481,079,0345
invalid_odometer,5,LM2984,09/27/26,0926,SOL,068481,068545,064,0345
invalid_odometer,6,LM2984,09/27/26,0927,TRB,068547,068604,057,0345
