FORM_ID,EMPLOYEE_ID,WEEK_ENDING,DATE_MMDD,CLIENT,ODOMETER_START,ODOMETER_END,MILES,TOTAL_MILES
form_01,Q06764,8/30/26,0824,SOL,17654,17699,45,250
form_01,Q06764,8/30/26,0825,GEN,17702,17749,47,250
form_01,Q06764,8/30/26,0825,QZX,17759,17790,31,250
form_01,Q06764,8/30/26,0827,QZX,17803,17895,92,250
form_01,Q06764,8/30/26,0827,QZX,17898,17933,35,250
form_02,AD2536,9/20/26,0913,BOB,13100,13235,135,997
form_02,AD2536,9/20/26,0914,CRM,11227,11501,274,997
form_02,AD2536,9/20/26,0915,ALM,27085,27100,15,997
form_02,AD2536,9/20/26,0916,CRO,78912,78950,38,997
form_02,AD2536,9/20/26,0917,CFA,32178,32200,22,997
form_02,AD2536,9/20/26,0918,CPA,91125,91307,182,997
form_02,AD2536,9/20/26,0918,CTP,10709,10822,113,997
form_02,AD2536,9/20/26,0919,ABB,75210,75350,140,997
form_02,AD2536,9/20/26,0920,CMM,31512,31600,88,997
form_03,AC1256,9/27/26,0920,ANN,2134,2234,100,334
form_03,AC1256,9/27/26,0920,KIM,12675,12700,25,334
form_03,AC1256,9/27/26,0921,GIO,11200,11250,50,334
form_03,AC1256,9/27/26,0922,JUN,34261,34281,20,334
form_03,AC1256,9/27/26,0923,YUU,2612,2620,8,334
form_03,AC1256,9/27/26,0924,PAN,1123,1143,20,334
form_03,AC1256,9/27/26,0925,DAN,6751,6785,34,334
form_03,AC1256,9/27/26,0926,FOM,76281,76299,18,334
form_03,AC1256,9/27/26,0927,KEN,1540,1599,59,334
form_04,AB1239,10/4/26,0928,KMR,34100,34124,24,412
form_04,AB1239,10/4/26,0928,PDL,34124,34141,17,412
form_04,AB1239,10/4/26,0929,VAL,34141,34186,45,412
form_04,AB1239,10/4/26,0930,JAB,34186,34215,29,412
form_04,AB1239,10/4/26,0930,WHA,34215,34267,52,412
form_04,AB1239,10/4/26,1001,TAR,34267,34298,31,412
form_04,AB1239,10/4/26,1002,GEN,34298,34316,48,412
form_04,AB1239,10/4/26,1002,SOL,35219,35319,100,412
form_04,AB1239,10/4/26,1002,GIU,41322,41388,66,412
