FORM_ID,ROW_NUMBER,EMPLOYEE_ID,WEEK_ENDING,DATE_MMDD,CLIENT,ODOMETER_START,ODOMETER_END,MILES,TOTAL_MILES
form_01,1,BR2212,08/07/86,0801,BAR,001833,001898,065,0166
form_01,2,BR2212,08/07/86,0802,GRT,001922,001987,065,0166
form_01,3,BR2212,08/07/86,0803,BRO,012597,012633,036,0166
form_02,1,DY2305,12/17/22,1001,BAR,012733,013021,288,1660
form_02,2,DY2305,12/17/22,1012,GON,117225,117301,076,1660
form_02,3,DY2305,12/17/22,1107,GAR,143277,143812,535,1660
form_02,4,DY2305,12/17/22,1122,ROD,198923,199112,189,1660
form_02,5,DY2305,12/17/22,1128,ORT,000633,000901,278,1660
form_02,6,DY2305,12/17/22,1202,BUS,001239,001259,020,1660
form_02,7,DY2305,12/17/22,1215,SMI,122117,122215,098,1660
form_02,8,DY2305,12/17/22,1217,LAR,168379,168555,176,1660
form_03,1,XJ2203,03/15/87,0301,BAX,001876,001901,025,0631
form_03,2,XJ2203,03/15/87,0303,JOH,000023,000182,159,0631
form_03,3,XJ2203,03/15/87,0310,SMI,215627,215801,174,0631
form_03,4,XJ2203,03/15/87,0311,PAN,182100,182215,115,0631
form_03,5,XJ2203,03/15/87,0315,GRA,000120,000278,158,0631
